SET SEARCH_PATH TO Eventhub;

-- Here the Insert Values of Userdata Table is given
INSERT INTO userdata (userid,firstname,lastname,email,"password")
VALUES
('aayush1107','aayush','nayak','aayush.nayak@yahoo.com','engage'),
('abhinav129','abhinav','gamskar','abhinav.gamskar@gmail.com','lucille'),
('adyasa476','adyasa','thampy','adyasa.thampy@yahoo.com','bigd'),
('adyasa747','adyasa','kouser','adyasa.kouser@hotmail.com','madness'),
('anusree485','anusree','chatterjee','anusree.chatterjee@hotmail.com','blink'),
('anusree687','anusree','thampy','anusree.thampy@yahoo.com','child'),
('bachittar1097','bachittar','padmanabha','bachittar.padmanabha@hotmail.com','cinema'),
('bella181','bella','hicks','bella.hicks@outlook.com','manning'),
('clyde544','clyde','peters','clyde.peters@outlook.com','brucelee'),
('debbie418','debbie','kuhn','debbie.kuhn@outlook.com','ramrod'),
('dev975','dev','nagane','dev.nagane@gmail.com','tiburon'),
('dhruv566','dhruv','gupta','dhruv.gupta@gmail.com','hoosier'),
('dorian286','dorian','bartels','dorian.bartels@hotmail.com','wage'),
('dorina554','dorina','thielen','dorina.thielen@gmail.com','maryjane'),
('ekapad1025','ekapad','nayak','ekapad.nayak@gmail.com','pickle'),
('ernesto212','ernesto','gil','ernesto.gil@gmail.com','pearson'),
('fatima718','fatima','gimenez','fatima.gimenez@gmail.com','helen'),
('felix993','felix','ellis','felix.ellis@gmail.com','teens'),
('geetha10104','geetha','kavser','geetha.kavser@gmail.com','games'),
('hakim976','hakim','vanderpasch','hakim.vanderpasch@hotmail.com','tequila'),
('harini593','harini','kaur','harini.kaur@hotmail.com','mack'),
('harold3104','harold','rodriquez','harold.rodriquez@outlook.com','stella'),
('hetal7105','hetal','andrade','hetal.andrade@gmail.com','uuuu'),
('jannis564','jannis','breu','jannis.breu@gmail.com','fordf150'),
('jeet949','jeet','mathew','jeet.mathew@gmail.com','smiley'),
('joseph1102','joseph','kini','joseph.kini@gmail.com','tttttttt'),
('kabir543','kabir','suvarna','kabir.suvarna@hotmail.com','314159'),
('karan811','karan','kini','karan.kini@gmail.com','slider'),
('lohit299','lohit','thampy','lohit.thampy@yahoo.com','asdzxc'),
('luke979','luke','barnett','luke.barnett@gmail.com','fallen'),
('mangala4101','mangala','prajapati','mangala.prajapati@gmail.com','fatcat'),
('marcus731','marcus','jordan','marcus.jordan@outlook.com','valkyrie'),
('nanna436','nanna','rasmussen','nanna.rasmussen@hotmail.com','porsche1'),
('raj866','raj','raval','raj.raval@yahoo.com','clover'),
('ratnakar562','ratnakar','tipparti','ratnakar.tipparti@gmail.com','salem'),
('regina223','regina','baker','regina.baker@outlook.com','eyes'),
('riccardo153','riccardo','marchand','riccardo.marchand@hotmail.com','qwerty1'),
('saranya1072','saranya','pai','saranya.pai@gmail.com','cthulhu'),
('shahistha455','shahistha','chavare','shahistha.chavare@gmail.com','heather'),
('sophia631','sophia','powell','sophia.powell@outlook.com','1003'),
('sushma621','sushma','shah','sushma.shah@yahoo.com','jaguar1'),
('swathi231','swathi','saniel','swathi.saniel@gmail.com','mobile'),
('teerth944','teerth','rajesh','teerth.rajesh@hotmail.com','pounding'),
('utkarsh315','utkarsh','keshri','utkarsh.keshri@gmail.com','birdie'),
('varsha5910','varsha','nair','varsha.nair@yahoo.com','mason1'),
('vilma5110','vilma','remes','vilma.remes@gmail.com','amanda1'),
('viraj1084','viraj','ramesh','viraj.ramesh@gmail.com','zenith'),
('yashika7410','yashika','kamath','yashika.kamath@hotmail.com','grandam'),
('zoey612','zoey','bates','zoey.bates@outlook.com','tracy'),
('zoya978','zoya','khan','zoya.khan@gmail.com','zoya1234');

Select * FROM userdata;

-- Here the Insert Values of Artist Table is given
INSERT INTO artist (artist_name,nationality,birthdate)
VALUES
('Aamir Khan','India','1965-03-14'),
('Adele','England','1988-05-05'),
('Ajay Devgan','India','1969-04-02'),
('Alia Bhatt','India','1993-03-15'),
('Amitabh Bachchan','India','1942-10-11'),
('Anand Bakshi','India','1930-07-21'),
('Anubhav Singh Bassi','India','1990-12-26'),
('Anurag Kashyap','India','1972-09-10'),
('Anushka Sharma','India','1988-05-01'),
('Ariana Grande','USA','1993-06-26'),
('Arijit Singh','India','1987-04-25'),
('Atif Aslam','Pakistani','1983-03-12'),
('Biswa Kalyan Rath','India','1990-12-27'),
('Deepika Padukone','India','1986-01-05'),
('Farhan Akhtar','India','1974-01-09'),
('Gulzar','India','1934-08-18'),
('Hrithik Roshan','India','1974-01-10'),
('Irrfan Khan','India','1967-01-07'),
('Javed Akhtar','India','1945-01-17'),
('Johnny Depp','USA','1963-06-09'),
('Karan Johar','India','1972-05-25'),
('Kareena Kapoor','India','1980-09-21'),
('Katrina Kaif','India','1983-07-16'),
('Kenny Sebastian','India','1991-12-31'),
('Kishore Kumar','India','1929-08-04'),
('Kumar Sanu','India','1957-09-23'),
('Lata Mangeshkar','India','1929-09-28'),
('Leonardo DiCaprio','USA','1974-11-11'),
('Manoj Bajpayee','India','1969-04-23'),
('Naseeruddin Shah','India','1950-07-20'),
('Nawazuddin Siddiqui','India','1974-05-19'),
('Om Puri','India','1950-10-18'),
('Pankaj Tripathi','India','1976-09-05'),
('Pankaj Udhas','India','1951-05-17'),
('Paresh Rawal','India','1950-05-30'),
('Priyanka Chopra','India','1982-07-18'),
('Rajkumar Hirani','India','1962-11-20'),
('Rajkummar Rao','India','1984-08-31'),
('Ranbir Kapoor','India','1982-09-28'),
('Ranveer Singh','India','1985-07-06'),
('Rihanna','Barbados','1988-02-20'),
('Robert Downey Jr.','USA','1965-04-04'),
('Rohit Shetty','India','1973-03-14'),
('S. S. Rajamouli','India','1973-10-10'),
('Salim Khan','India','1935-11-24'),
('Salman Khan','India','1965-12-27'),
('Sanjay Leela Bhansali','India','1963-02-24'),
('Shah Rukh Khan','India','1965-11-02'),
('Sonu Nigam','India','1973-07-30'),
('Sunidhi Chauhan','India','1983-08-14'),
('Taylor Swift','USA','1989-12-13'),
('Tiger Shroff','India','1990-03-02'),
('Tom Cruise','USA','1962-07-03'),
('Tom Hanks','USA','1956-07-09'),
('Zakir Khan','India','1987-08-20');

SELECT * FROM artist;

-- Here the Insert Values of City Table is given
INSERT INTO artist_occupation (artist_name,occupation)
VALUES
('Aamir Khan','Actor'),
('Aamir Khan','Producer'),
('Adele','Singer'),
('Ajay Devgan','Actor'),
('Alia Bhatt','Actress'),
('Amitabh Bachchan','Actor'),
('Anand Bakshi','Lyricist'),
('Anand Bakshi','Poet'),
('Anand Bakshi','Writer'),
('Anubhav Singh Bassi','Comedian'),
('Anurag Kashyap','Director'),
('Anurag Kashyap','Producer'),
('Anushka Sharma','Actress'),
('Ariana Grande','Singer'),
('Arijit Singh','Singer'),
('Atif Aslam','Composer'),
('Atif Aslam','Singer'),
('Atif Aslam','Writer'),
('Biswa Kalyan Rath','Comedian'),
('Deepika Padukone','Actress'),
('Farhan Akhtar','Director'),
('Farhan Akhtar','Producer'),
('Gulzar','Lyricist'),
('Gulzar','Poet'),
('Gulzar','Writer'),
('Hrithik Roshan','Actor'),
('Irrfan Khan','Actor'),
('Irrfan Khan','Theater_Play'),
('Javed Akhtar','Lyricist'),
('Javed Akhtar','Poet'),
('Javed Akhtar','Writer'),
('Johnny Depp','Actor'),
('Karan Johar','Director'),
('Karan Johar','Producer'),
('Kareena Kapoor','Actress'),
('Katrina Kaif','Actress'),
('Kenny Sebastian','Comedian'),
('Kishore Kumar','Singer'),
('Kumar Sanu','Singer'),
('Lata Mangeshkar','Singer'),
('Leonardo DiCaprio','Actor'),
('Manoj Bajpayee','Actor'),
('Manoj Bajpayee','Theater_Play'),
('Naseeruddin Shah','Actor'),
('Naseeruddin Shah','Theater_Play'),
('Naseeruddin Shah','Writer'),
('Nawazuddin Siddiqui','Actor'),
('Nawazuddin Siddiqui','Theater_Play'),
('Om Puri','Actor'),
('Om Puri','Theater_Play'),
('Pankaj Tripathi','Actor'),
('Pankaj Tripathi','Theater_Play'),
('Pankaj Udhas','Composer'),
('Pankaj Udhas','Singer'),
('Paresh Rawal','Actor'),
('Paresh Rawal','Theater_Play'),
('Priyanka Chopra','Actress'),
('Rajkumar Hirani','Director'),
('Rajkumar Hirani','Producer'),
('Rajkummar Rao','Actor'),
('Rajkummar Rao','Theater_Play'),
('Ranbir Kapoor','Actor'),
('Ranveer Singh','Actor'),
('Rihanna','Singer'),
('Robert Downey Jr.','Actor'),
('Rohit Shetty','Director'),
('Rohit Shetty','Producer'),
('S. S. Rajamouli','Director'),
('S. S. Rajamouli','Producer'),
('Salim Khan','Lyricist'),
('Salim Khan','Poet'),
('Salim Khan','Writer'),
('Salman Khan','Actor'),
('Salman Khan','Producer'),
('Sanjay Leela Bhansali','Director'),
('Sanjay Leela Bhansali','Producer'),
('Shah Rukh Khan','Actor'),
('Shah Rukh Khan','Producer'),
('Sonu Nigam','Composer'),
('Sonu Nigam','Singer'),
('Sunidhi Chauhan','Singer'),
('Taylor Swift','Singer'),
('Tiger Shroff','Actor'),
('Tom Cruise','Actor'),
('Tom Hanks','Actor'),
('Zakir Khan','Comedian'),
('Zakir Khan','Writer');

SELECT * FROM artist_occupation;

-- Here the Insert Values of Showdetails Table is given
INSERT INTO showdetails (title, eventdate, duration, country, "language", category)
VALUES
('Animal',           '2021-12-25', '03:30:00', 'India', 'Hindi', 'Movie'),
('Dunki',            '2021-11-25', '02:30:00', 'India', 'Hindi', 'Movie'),
('Brahmastra',       '2021-10-23', '03:00:00', 'India', 'Hindi', 'Movie'),
('Bachchan Pandey',  '2021-06-25', '02:30:00', 'India', 'Hindi', 'Movie'),
('Bhediya',          '2021-06-21', '02:30:00', 'India', 'Hindi', 'Movie'),
('Agneepath',        '2019-03-18', '02:45:00', 'India', 'Hindi', 'Movie'),
('Dhoom 3',          '2013-12-20', '02:52:00', 'India', 'Hindi', 'Movie'),
('Dilwale',          '2015-12-18', '02:38:00', 'India', 'Hindi', 'Movie'),
('Om Shanti Om',     '2007-11-09', '02:42:00', 'India', 'Hindi', 'Movie'),
('Sultan',           '2016-07-06', '02:50:00', 'India', 'Hindi', 'Movie'),
('Karan Arjun',      '1995-01-13', '02:55:00', 'India', 'Hindi', 'Movie'),
('Mohra',            '1994-07-01', '02:57:00', 'India', 'Hindi', 'Movie'),
('Flying Jatt',      '2016-08-25', '02:30:00', 'India', 'Hindi', 'Movie'),
('Bajrangi Bhaijaan','2015-07-17', '02:43:00', 'India', 'Hindi', 'Movie'),
('Singham',          '2011-06-22', '02:23:00', 'India', 'Hindi', 'Movie'),
('Golmaal',          '2006-07-10', '02:30:00', 'India', 'Hindi', 'Movie'),
('Thugs Of Hindostan','2018-11-08', '02:44:00', 'India', 'Hindi', 'Movie'),
('Dabangg',          '2010-09-10', '02:06:00', 'India', 'Hindi', 'Movie'),
('Dabangg 2',        '2012-12-21', '02:05:00', 'India', 'Hindi', 'Movie'),
('Kick',             '2014-07-25', '02:26:00', 'India', 'Hindi', 'Movie'),
('Jawan',            '2022-11-01', '02:15:00', 'India', 'Hindi', 'Movie'),
('War',              '2019-10-02', '02:36:00', 'India', 'Hindi', 'Movie'),
('Krrish',           '2006-06-23', '02:55:00', 'India', 'Hindi', 'Movie'),
('Krrish 3',         '2013-11-01', '02:32:00', 'India', 'Hindi', 'Movie'),
('Don',              '2006-10-20', '02:55:00', 'India', 'Hindi', 'Movie'),
('Don 2',            '2011-12-23', '02:28:00', 'India', 'Hindi', 'Movie'),
('Chennai Express',  '2013-08-08', '02:21:00', 'India', 'Hindi', 'Movie'),
('RRR',              '2022-03-25', '02:55:00', 'India', 'Telugu', 'Movie'),
('Baahubali',        '2015-07-10', '02:39:00', 'India', 'Telugu', 'Movie'),
('Baahubali 2',      '2017-04-28', '02:51:00', 'India', 'Telugu', 'Movie'),
('Gangs Of Wasseypur','2012-06-22', '02:40:00', 'India', 'Hindi', 'Movie'),
('Gangs Of Wasseypur 2','2012-08-08', '02:39:00', 'India', 'Hindi', 'Movie'),
('3 Idiots',         '2009-12-25', '02:51:00', 'India', 'Hindi', 'Movie'),
('Forrest Gump',     '1994-07-06', '02:22:00', 'USA', 'English', 'Movie'),
('Titanic',          '1997-12-19', '03:30:00', 'USA', 'English', 'Movie'),
('The Wolf of Wall Street','2013-12-25', '03:00:00', 'USA', 'English', 'Movie'),
('Pirates of the Caribbean: The Curse of the Black Pearl','2003-07-09', '02:23:00', 'USA', 'English', 'Movie'),
('Iron Man',         '2008-05-02', '02:06:00', 'USA', 'English', 'Movie'),
('Avengers',         '2012-04-11', '02:23:00', 'USA', 'English', 'Movie'),
('Mission Impossible','1996-05-22', '01:50:00', 'USA', 'English', 'Movie'),
('Top Gun',          '1986-05-16', '01:50:00', 'USA', 'English', 'Movie'),
('Kisiko Mat Batana Mat','2022-01-01', '01:00:00', 'India', 'Hindi', 'Stand_Up'),
('Bas Kar Bassi',    '2021-02-01', '01:00:00', 'India', 'Hindi', 'Stand_Up'),
('Mann Pasand',      '2023-03-03', '01:30:00', 'India', 'Hindi', 'Stand_Up'),
('Tathastu',         '2023-04-04', '01:15:00', 'India', 'Hindi', 'Stand_Up'),
('Mood Kharab',      '2022-01-07', '01:00:00', 'India', 'Hindi', 'Stand_Up'),
('Sushi',            '2022-03-10', '01:45:00', 'India', 'Hindi', 'Stand_Up'),
('Kenny Sebastian',  '2023-02-11', '01:15:00', 'India', 'English', 'Stand_Up'),
('Welcome Back',     '2023-04-11', '01:30:00', 'India', 'Hindi', 'Movie'),
('Madaari',          '2022-02-21', '01:10:00', 'India', 'Hindi', 'Movie'),
('Waiting for Godot','2021-01-22', '01:05:00', 'India', 'Hindi', 'Theater_Play'),
('Bandit Queen',     '2020-01-25', '02:00:00', 'India', 'Hindi', 'Theater_Play'),
('Sholay',           '2020-02-08', '01:10:00', 'India', 'Hindi', 'Movie'),
('Aastha',           '2019-03-07', '01:20:00', 'India', 'Hindi', 'Movie'),
('Arijit Singh Live','2020-04-04', '01:35:00', 'India', 'Hindi', 'Concert'),
('Rockstar Sonu Nigam',  '2021-05-08', '02:15:00', 'India', 'Hindi', 'Concert'),
('Sunidhi Chauhan Live','2021-06-01', '02:10:00', 'India', 'Hindi', 'Concert'),
('Gulzar Ki Shayri',      '2020-05-02', '03:10:00', 'India', 'Hindi', 'Theater_Play'),
('Acting Ki Dukaan','2021-04-04', '02:00:00', 'India', 'Hindi', 'Theater_Play');

SELECT * FROM showdetails;

-- Here the Insert Values of genre_link Table is given
INSERT INTO genre_link (genre,title)
VALUES
('Action','Animal'),
('Action','Brahmastra'),s
('Action','Bachchan Pandey'),
('Action','Sultan'),
('Action','Karan Arjun'),
('Action','Mohra'),
('Action','Flying Jatt'),
('Action','Bajrangi Bhaijaan'),
('Action','Singham'),
('Action','Thugs Of Hindostan'),
('Action','Dabangg'),
('Action','Dabangg 2'),
('Horror','Animal'),
('Horror','Brahmastra'),
('Horror','Bachchan Pandey'),
('Horror','Sultan'),
('Horror','Karan Arjun'),
('Horror','Mohra'),
('Horror','Flying Jatt'),
('Horror','Bajrangi Bhaijaan'),
('Horror','Singham'),
('Horror','Thugs Of Hindostan'),
('Horror','Dabangg'),
('Horror','Dabangg 2'),
('Action','Kick'),
('Action','War'),
('Action','Krrish'),
('Action','Krrish 3'),
('Action','Don'),
('Action','Don 2'),
('Action','Chennai Express'),
('Action','Gangs Of Wasseypur'),
('Action','Gangs Of Wasseypur 2'),
('Action','Sholay'),
('Action','Aastha'),
('Biography','War'),
('Biography','Krrish'),
('Biography','Krrish 3'),
('Biography','Don'),
('Biography','Don 2'),
('Drama','Dunki'),
('Drama','Brahmastra'),
('Drama','Bachchan Pandey'),
('Drama','Bhediya'),
('Drama','Dilwale'),
('Drama','Om Shanti Om'),
('Drama','Sultan'),
('Drama','Gangs Of Wasseypur'),
('Drama','Gangs Of Wasseypur 2'),
('Drama','3 Idiots'),
('Drama','Madaari'),
('Drama','Waiting for Godot'),
('Drama','Bandit Queen'),
('Action','Dunki'),
('History','Bachchan Pandey'),
('Action','Bhediya'),
('Action','Dilwale'),
('Action','Om Shanti Om'),
('Biography','Sultan'),
('Crime','Gangs Of Wasseypur'),
('Crime','Gangs Of Wasseypur 2'),
('Action','3 Idiots'),
('Action','Madaari'),
('Action','Waiting for Godot'),
('Action','Bandit Queen'),
('Sci-Fi','Om Shanti Om'),
('Sci-Fi','Sultan'),
('Sci-Fi','Gangs Of Wasseypur'),
('Sci-Fi','Gangs Of Wasseypur 2'),
('Sci-Fi','3 Idiots'),
('Sci-Fi','Madaari'),
('Sci-Fi','Waiting for Godot'),
('Sci-Fi','Bandit Queen'),
('Documentry','Sultan'),
('Biography','The Wolf of Wall Street'),
('Biography','Bandit Queen'),
('Romance','Dilwale'),
('Romance','Om Shanti Om'),
('Romance','Bajrangi Bhaijaan'),
('Romance','Aastha'),
('Thriller','Dilwale'),
('Thriller','Om Shanti Om'),
('Thriller','Bajrangi Bhaijaan'),
('Thriller','Aastha'),
('Comedy','Golmaal'),
('Comedy','Welcome Back'),
('Comedy','3 Idiots'),
('Comedy','Kisiko Mat Batana Mat'),
('Comedy','Bas Kar Bassi'),
('Comedy','Mann Pasand'),
('Comedy','Tathastu'),
('Comedy','Mood Kharab'),
('Comedy','Sushi'),
('Thriller','Madaari'),
('Stand_Up','Kisiko Mat Batana Mat'),
('Stand_Up','Bas Kar Bassi'),
('Stand_Up','Mann Pasand'),
('Stand_Up','Tathastu'),
('Stand_Up','Mood Kharab'),
('Stand_Up','Sushi'),
('Stand_Up','Kenny Sebastian'),
('Music','Arijit Singh Live'),
('Music','Rockstar Sonu Nigam'),
('Music','Sunidhi Chauhan Live'),
('Shayari','Gulzar Ki Shayri'),
('Inspiring','Acting Ki Dukaan'),
('Sci-Fi','Acting Ki Dukaan'),
('Horror','Waiting for Godot'),
('Thriller','Bandit Queen'),
('Horror','Bandit Queen');

SELECT * FROM genre_link;

-- Here the Insert Values of show_to_artist Table is given
INSERT INTO show_to_artist (title,artist_name)
VALUES
('Animal','Arijit Singh'),
('Animal','Ranbir Kapoor'),
('Animal','Alia Bhatt'),
('Dunki','Sonu Nigam'),
('Dunki','Shah Rukh Khan'),
('Bachchan Pandey','Amitabh Bachchan'),
('Bachchan Pandey','Sunidhi Chauhan'),
('Bachchan Pandey','Sonu Nigam'),
('Brahmastra','Amitabh Bachchan'),
('Brahmastra','Ranbir Kapoor'),
('Brahmastra','Alia Bhatt'),
('Brahmastra','Arijit Singh'),
('Bhediya','Arijit Singh'),
('Agneepath','Hrithik Roshan'),
('Agneepath','Priyanka Chopra'),
('Dhoom 3','Aamir Khan'),
('Dhoom 3','Katrina Kaif'),
('Dilwale','Shah Rukh Khan'),
('Dilwale','Karan Johar'),
('Om Shanti Om','Shah Rukh Khan'),
('Om Shanti Om','Deepika Padukone'),
('Om Shanti Om','Farhan Akhtar'),
('Sultan','Salman Khan'),
('Sultan','Anushka Sharma'),
('Sultan','Sonu Nigam'),
('Karan Arjun','Shah Rukh Khan'),
('Karan Arjun','Salman Khan'),
('Mohra','Paresh Rawal'),
('Mohra','Javed Akhtar'),
('Mohra','Sunidhi Chauhan'),
('Mohra','Naseeruddin Shah'),
('Flying Jatt','Tiger Shroff'),
('Flying Jatt','Gulzar'),
('Bajrangi Bhaijaan','Salman Khan'),
('Bajrangi Bhaijaan','Kareena Kapoor'),
('Bajrangi Bhaijaan','Nawazuddin Siddiqui'),
('Singham','Ajay Devgan'),
('Golmaal','Ajay Devgan'),
('Golmaal','Kareena Kapoor'),
('Golmaal','Karan Johar'),
('Golmaal','Rohit Shetty'),
('Thugs Of Hindostan','Amitabh Bachchan'),
('Thugs Of Hindostan','Aamir Khan'),
('Thugs Of Hindostan','Katrina Kaif'),
('Dabangg','Salman Khan'),
('Dabangg','Salim Khan'),
('Dabangg','Anushka Sharma'),
('Dabangg 2','Salman Khan'),
('Dabangg 2','Salim Khan'),
('Dabangg 2','Anushka Sharma'),
('Kick','Salman Khan'),
('Kick','Nawazuddin Siddiqui'),
('Kick','Rajkummar Rao'),
('War','Hrithik Roshan'),
('War','Tiger Shroff'),
('War','Anand Bakshi'),
('Krrish','Hrithik Roshan'),
('Krrish','Priyanka Chopra'),
('Krrish','Rajkummar Rao'),
('Krrish','Om Puri'),
('Krrish','Naseeruddin Shah'),
('Krrish 3','Hrithik Roshan'),
('Krrish 3','Priyanka Chopra'),
('Don','Shah Rukh Khan'),
('Don','Priyanka Chopra'),
('Don','Salim Khan'),
('Don','Javed Akhtar'),
('Don','Om Puri'),
('Don 2','Shah Rukh Khan'),
('Don 2','Priyanka Chopra'),
('Don 2','Salim Khan'),
('Don 2','Farhan Akhtar'),
('Chennai Express','Shah Rukh Khan'),
('Chennai Express','Deepika Padukone'),
('Chennai Express','Rohit Shetty'),
('RRR','S. S. Rajamouli'),
('RRR','Ajay Devgan'),
('RRR','Alia Bhatt'),
('Baahubali','S. S. Rajamouli'),
('Baahubali','Rajkummar Rao'),
('Gangs Of Wasseypur','Manoj Bajpayee'),
('Gangs Of Wasseypur','Nawazuddin Siddiqui'),
('Gangs Of Wasseypur','Anurag Kashyap'),
('Gangs Of Wasseypur','Pankaj Tripathi'),
('Gangs Of Wasseypur 2','Manoj Bajpayee'),
('Gangs Of Wasseypur 2','Nawazuddin Siddiqui'),
('Gangs Of Wasseypur 2','Rajkummar Rao'),
('Gangs Of Wasseypur 2','Pankaj Tripathi'),
('Gangs Of Wasseypur 2','Salim Khan'),
('3 Idiots','Aamir Khan'),
('3 Idiots','Kareena Kapoor'),
('3 Idiots','Rajkumar Hirani'),
('3 Idiots','Salim Khan'),
('3 Idiots','Javed Akhtar'),
('Forrest Gump','Tom Hanks'),
('Titanic','Leonardo DiCaprio'),
('Titanic','Tom Hanks'),
('Titanic','Taylor Swift'),
('The Wolf of Wall Street','Leonardo DiCaprio'),
('The Wolf of Wall Street','Robert Downey Jr.'),
('The Wolf of Wall Street','Tom Cruise'),
('Pirates of the Caribbean: The Curse of the Black Pearl','Johnny Depp'),
('Pirates of the Caribbean: The Curse of the Black Pearl','Adele'),
('Iron Man','Robert Downey Jr.'),
('Iron Man','Ariana Grande'),
('Iron Man','Adele'),
('Avengers','Robert Downey Jr.'),
('Avengers','Tom Cruise'),
('Avengers','Taylor Swift'),
('Mission Impossible','Tom Cruise'),
('Mission Impossible','Taylor Swift'),
('Mission Impossible','Rihanna'),
('Top Gun','Tom Cruise'),
('Top Gun','Taylor Swift'),
('Top Gun','Rihanna'),
('Top Gun','Ariana Grande'),
('Kisiko Mat Batana Mat','Anubhav Singh Bassi'),
('Kisiko Mat Batana Mat','Zakir Khan'),
('Bas Kar Bassi','Anubhav Singh Bassi'),
('Mann Pasand','Anubhav Singh Bassi'),
('Tathastu','Anubhav Singh Bassi'),
('Tathastu','Zakir Khan'),
('Mood Kharab','Biswa Kalyan Rath'),
('Sushi','Biswa Kalyan Rath'),
('Kenny Sebastian','Kenny Sebastian'),
('Welcome Back','Karan Johar'),
('Welcome Back','Rajkummar Rao'),
('Welcome Back','Nawazuddin Siddiqui'),
('Madaari','Irrfan Khan'),
('Madaari','Nawazuddin Siddiqui'),
('Madaari','Gulzar'),
('Waiting for Godot','Naseeruddin Shah'),
('Waiting for Godot','Paresh Rawal'),
('Bandit Queen','Nawazuddin Siddiqui'),
('Bandit Queen','Manoj Bajpayee'),
('Bandit Queen','Pankaj Tripathi'),
('Sholay','Amitabh Bachchan'),
('Sholay','Salim Khan'),
('Aastha','Om Puri'),
('Aastha','Naseeruddin Shah'),
('Aastha','Paresh Rawal'),
('Aastha','Anand Bakshi'),
('Arijit Singh Live','Arijit Singh'),
('Rockstar Sonu Nigam','Sonu Nigam'),
('Sunidhi Chauhan Live','Sunidhi Chauhan'),
('Gulzar Ki Shayri','Gulzar'),
('Acting Ki Dukaan','Naseeruddin Shah'),
('Acting Ki Dukaan','Paresh Rawal'),
('Acting Ki Dukaan','Salim Khan'),
('Acting Ki Dukaan','Javed Akhtar');

SELECT * FROM show_to_artist;

-- Here the Insert Values of Admin Table is given
INSERT INTO admin (Admin_id,firstname,lastname,email,"password")
VALUES
('abhishek456','abhishek','andrade','abhishek.andrade@gmail.com','newark'),
('daksh444','daksh','bangera','daksh.bangera@hotmail.com','string'),
('dileep222','dileep','moolya','dileep.moolya@yahoo.com','skater'),
('dilip789','dileep','shenoy','dileep.shenoy@gmail.com','tipper'),
('gautam567','gautam','dawangave','gautam.dawangave@yahoo.com','elite'),
('shonar333','shona','shet','shona.shet@yahoo.com','philips'),
('shylaja111','shylaja','anand','shylaja.anand@yahoo.com','hotties'),
('yagnesh123','yagnesh','thampy','yagnesh.thampy@gmail.com','warthog'),
('yashodha234','yashodha','shet','yashodha.shet@gmail.com','samuel1'),
('yatin777','yatin','tipparti','yatin.tipparti@hotmail.com','shark');

SELECT * FROM admin;

-- Here the Insert Values of City Table is given
INSERT INTO City (Pincode, Cityname, State)
VALUES
(400002, 'Mumbai', 'Maharashtra'),
(110004, 'Delhi', 'Delhi'),
(530068, 'Bangalore', 'Karnataka'),
(700002, 'Kolkata', 'West Bengal'),
(600012, 'Chennai', 'Tamil Nadu'),
(320008, 'Ahmedabad', 'Gujarat'),
(394210, 'Surat', 'Gujarat'),
(302009, 'Jaipur', 'Rajasthan'),
(100008, 'New York', 'New York'),
(606018, 'Chicago', 'Illinois'),
(770016, 'Houston', 'Texas'),
(850014, 'Phoenix', 'Arizona');

SELECT * FROM City;

-- Here the Insert Values of Location Table is given
INSERT INTO location (venueid,location_name,area,contact,Admin_id,Pincode)
VALUES
(101, 'PVR Cinemas', 'City Mall, New Link Road, Andheri West', 9510700101, 'abhishek456', 400002),
(102, 'PVR Cinemas', 'City Mall, New Link Road, Andheri West', 9510700102, 'abhishek456', 400002),
(103, 'PVR Cinemas', 'City Mall, New Link Road, Andheri West', 9510700101, 'abhishek456', 400002),
(104, 'PVR Cinemas', 'City Mall, New Link Road, Andheri West', 9510700104, 'abhishek456', 400002),
(71, 'INOX Cinemas', 'R City Mall, LBS Marg, Ghatkopar West', 9313099501, 'daksh444', 400002),
(301, 'Cinepolis Cinemas', 'Growel Mall, Akurli Road, Kandivali East', 6351167301, 'dileep222', 400002),
(51, 'Regal Cinema', 'Shahid Bhagat Singh Road, Colaba', 8980034051, 'abhishek456', 400002),
(11, 'Raj Mandir Cinema', 'Panch Batti, MI Road, C-Scheme', 7862875011, 'shylaja111', 302009),
(12, 'Raj Mandir Cinema', 'Panch Batti, MI Road, C-Scheme', 7862875012, 'shylaja111', 302009),
(13, 'Raj Mandir Cinema', 'Panch Batti, MI Road, C-Scheme', 7862875011, 'shylaja111', 302009),
(14, 'Raj Mandir Cinema', 'Panch Batti, MI Road, C-Scheme', 7862875014, 'shylaja111', 302009),
(31, 'Cinepolis Cinemas', 'World Trade Park, JLN Marg, Malviya Nagar', 6351167031, 'shonar333', 302009),
(25, 'Fame Cinemas', 'S.G. Highway', 6935451025, 'gautam567', 320008),
(201,'Connplex Smart Theatre','Parimal Garden', 9428100201, 'yashodha234', 320008),
(801,'PVR Cinema','Rahul Raj Mall, Dumas Road', 9425100201, 'dilip789', 394210),
(501,'INOX Cinemas','VR Mall, Anna Nagar', 9313099501, 'yagnesh123',530068),
(601,'Harkins Theatres Christown','Montebello Ave', 4578010601, 'yatin777',600012),
(602,'Harkins Theatres Christown','Montebello Ave', 4578010602, 'yatin777',600012),
(91,'Harkins Theatres Christown','Fulton Market Building', 3215461091, 'yatin777',100008),
(92,'Harkins Theatres Christown','Fulton Market Building', 3215461092, 'yatin777',100008),
(93,'Harkins Theatres Christown','Fulton Market Building', 3215461091, 'yatin777',100008),
(701,'GMDC Ground','University Area', 4578010701, 'dilip789',320008),
(702,'Capital squre Ground','Shakti Nagar', 8798546512, 'dileep222',394210);

SELECT * FROM location;

-- Here the Insert Values of Show Table is given
INSERT INTO show (showid, "date", starttime, endtime, venueid, title)
VALUES
(1,      '2021-12-25',       '10:00:00',         '13:30:00', 101, 'Animal'),
(2,      '2021-12-25',       '14:00:00',         '16:30:00', 102, 'Animal'),
(3,      '2021-12-25',       '17:00:00',         '19:30:00', 103, 'Animal'),
(4,      '2021-12-25',       '20:00:00',         '22:30:00', 104, 'Animal'),
(5,      '2021-11-25',       '10:00:00',         '12:30:00', 71, 'Dunki'),
(6,      '2021-10-25',       '10:00:00',         '13:00:00', 301, 'Brahmastra'),
(7,      '2021-07-25',       '10:00:00',         '12:30:00', 51, 'Bachchan Pandey'),
(8,      '2021-06-25',       '10:00:00',         '12:30:00', 11, 'Bhediya'),
(9,      '2021-06-25',       '16:00:00',         '18:30:00', 13, 'Bhediya'),
(10,     '2021-06-25',       '19:00:00',         '21:30:00', 14, 'Bhediya'),
(11,     '2019-04-18',       '10:00:00',         '12:45:00', 31, 'Agneepath'),
(12,     '2013-12-20',       '10:00:00',         '12:52:00', 25, 'Dhoom 3'),
(13,     '2013-12-20',       '16:00:00',         '18:52:00', 201, 'Dhoom 3'),
(14,     '2015-12-18',       '10:00:00',         '12:38:00', 801, 'Dilwale'),
(15,     '2015-12-18',       '13:00:00',         '15:38:00', 501, 'Dilwale'),
(16,     '2007-11-09',       '13:00:00',         '15:42:00', 601, 'Om Shanti Om'),
(17,     '2007-11-09',       '16:00:00',         '18:42:00', 602, 'Om Shanti Om'),
(18,     '2007-11-09',       '22:00:00',         '00:42:00', 91, 'Om Shanti Om'),
(19,     '2016-07-06',       '16:00:00',         '18:50:00', 25, 'Sultan'),
(20,     '2016-07-06',       '22:00:00',         '00:50:00', 201, 'Sultan'),
(21,     '1994-07-01',       '10:00:00',         '12:57:00', 11, 'Mohra'),
(22,     '1994-07-01',       '13:00:00',         '15:57:00', 12, 'Mohra'),
(23,     '1994-07-01',       '19:00:00',         '21:57:00', 14, 'Mohra'),
(24,     '2016-08-25',       '10:00:00',         '12:30:00', 31, 'Flying Jatt'),
(25,     '2015-07-17',       '19:00:00',         '21:43:00', 71, 'Bajrangi Bhaijaan'),
(26,     '2011-07-22',       '13:00:00',         '15:23:00', 301, 'Singham'),
(27,     '2006-07-14',       '10:00:00',         '12:30:00', 51, 'Golmaal'),
(28,     '2018-11-08',       '13:00:00',         '15:44:00', 601, 'Thugs Of Hindostan'),
(29,     '2018-11-08',       '16:00:00',         '18:44:00', 602, 'Thugs Of Hindostan'),
(30,     '2010-09-10',       '10:00:00',         '12:06:00', 51, 'Dabangg'),
(31,     '2012-12-21',       '13:00:00',         '15:05:00', 201, 'Dabangg 2'),
(32,     '2014-07-25',       '16:00:00',         '18:26:00', 71, 'Kick'),
(33,     '2022-11-01',       '13:00:00',         '15:15:00', 301, 'Jawan'),
(34,     '2019-10-02',       '10:00:00',         '12:36:00', 11, 'War'),
(35,     '2019-10-02',       '13:00:00',         '15:36:00', 12, 'War'),
(36,     '2019-10-02',       '16:00:00',         '18:36:00', 13, 'War'),
(37,     '2006-06-23',       '13:00:00',         '15:55:00', 91, 'Krrish'),
(38,     '2006-06-23',       '16:00:00',         '18:55:00', 92, 'Krrish'),
(39,     '2006-06-23',       '19:00:00',         '21:55:00', 93, 'Krrish'),
(40,     '2013-11-01',       '10:00:00',         '12:32:00', 51, 'Krrish 3'),
(41,     '2006-10-20',       '10:00:00',         '12:55:00', 101, 'Don'),
(42,     '2006-10-20',       '13:00:00',         '15:55:00', 102, 'Don'),
(43,     '2006-10-20',       '16:00:00',         '18:55:00', 103, 'Don'),
(44,     '2006-10-20',       '19:00:00',         '21:55:00', 104, 'Don'),
(45,     '2011-12-23',       '16:00:00',         '18:28:00', 71, 'Don 2'),
(46,     '2013-08-09',       '13:00:00',         '15:45:00', 301, 'Chennai Express'),
(47,     '2015-07-10',       '13:00:00',         '15:45:00', 201, 'Baahubali'),
(48,     '2012-08-08',       '13:00:00',         '15:45:00', 301, 'Gangs Of Wasseypur 2'),
(49,     '2009-12-25',       '10:00:00',         '12:30:00', 25, '3 Idiots'),
(50,     '2009-12-25',       '16:00:00',         '18:30:00', 501, '3 Idiots'),
(51,     '1994-07-06',       '19:00:00',         '21:57:00', 801, 'Forrest Gump'),
(52,     '1997-12-19',       '10:00:00',         '12:52:00', 501, 'Titanic'),
(53,     '2013-12-25',       '13:00:00',         '15:45:00', 601, 'The Wolf of Wall Street'),
(54,     '2013-12-25',       '16:00:00',         '18:45:00', 602, 'The Wolf of Wall Street'),
(55,     '2003-07-09',       '10:00:00',         '12:57:00', 91, 'Pirates of the Caribbean: The Curse of the Black Pearl'),
(56,     '2003-07-09',       '13:00:00',         '15:57:00', 92, 'Pirates of the Caribbean: The Curse of the Black Pearl'),
(57,     '2003-07-09',       '16:00:00',         '18:57:00', 93, 'Pirates of the Caribbean: The Curse of the Black Pearl'),
(58,     '2008-05-02',       '10:00:00',         '13:00:00', 101, 'Iron Man'),
(59,     '2008-05-02',       '13:00:00',         '16:00:00', 102, 'Iron Man'),
(60,     '2008-05-02',       '16:00:00',         '19:00:00', 103, 'Iron Man'),
(61,     '2008-05-02',       '16:00:00',         '21:00:00', 104, 'Iron Man'),
(62,     '2012-05-04',       '13:00:00',         '15:30:00', 12, 'Avengers'),
(63,     '2012-05-04',       '16:00:00',         '18:30:00', 13, 'Avengers'),
(64,     '2012-05-04',       '19:00:00',         '21:30:00', 14, 'Avengers'),
(65,     '1996-05-22',       '10:00:00',         '12:57:00', 31, 'Mission Impossible'),
(66,     '1986-05-16',       '10:00:00',         '12:57:00', 25, 'Top Gun'),
(67,     '2021-07-25',       '10:00:00',         '12:30:00', 301, 'Bas Kar Bassi'),
(68,     '2021-07-25',       '10:00:00',         '12:30:00', 13, 'Waiting for Godot'),
(69,     '2021-07-25',       '10:00:00',         '12:30:00', 501, 'Bandit Queen'),
(70,     '2021-07-25',       '16:00:00',         '18:30:00', 601, 'Sholay'),
(71,     '2021-07-25',       '10:00:00',         '12:30:00', 602, 'Aastha'),
(72,     '2021-07-25',       '10:00:00',         '12:30:00', 701, 'Arijit Singh Live'),
(73,     '2021-07-25',       '10:00:00',         '12:30:00', 702, 'Rockstar Sonu Nigam'),
(74,     '2021-07-25',       '10:00:00',         '12:30:00', 11, 'Sunidhi Chauhan Live'),
(75,     '2021-07-25',       '10:00:00',         '12:30:00', 12, 'Gulzar Ki Shayri'),
(76,     '2021-07-25',       '10:00:00',         '12:30:00', 13, 'Acting Ki Dukaan');

SELECT * FROM show;

-- Here the Insert Values of booking Table is given
INSERT INTO booking (booking_no, No_of_seats, userid, bookingdate, showid, seating_type)
VALUES
(00001, 2,       'aayush1107',       '2021-12-15 09:00:00',  1,     'Platinum'),
(00002, 3,       'aayush1107',       '2021-12-25 13:00:00',  2,     'Gold'),
(00003, 4,       'abhinav129',       '2021-12-25 16:00:00',  3,     'Silver'),
(00004, 5,       'adyasa476',        '2021-12-25 19:00:00',  4,     'Platinum'),
(00005, 2,       'adyasa747',        '2021-11-25 09:00:00',  5,     'Gold'),
(00006, 3,       'anusree485',       '2021-10-25 09:00:00',  6, 'Silver'),
(00007, 4,       'anusree687',       '2021-07-25 09:00:00',  7, 'Platinum'),
(00008, 5,       'bachittar1097',        '2021-06-25 09:00:00',  8, 'Gold'),
(00009, 2,       'bella181',         '2021-06-25 15:00:00',  9, 'Silver'),
(00010, 3,       'clyde544',         '2021-06-25 18:00:00',  10,    'Silver'),
(00011, 4,       'debbie418',        '2019-04-18 09:00:00',  11,    'Platinum'),
(00012, 5,       'dev975',       '2013-12-20 09:00:00',  12,    'Gold'),
(00013, 2,       'dhruv566',         '2013-12-20 15:00:00',  13,    'Silver'),
(00014, 3,       'dorian286',        '2015-12-18 09:00:00',  14,    'Platinum'),
(00015, 4,       'dorina554',        '2015-12-18 12:00:00',  15,    'Gold'),
(00016, 5,       'ekapad1025',       '2007-11-09 12:00:00',  16,    'Silver'),
(00017, 2,       'ernesto212',       '2007-11-09 15:00:00',  17,    'Platinum'),
(00018, 3,       'fatima718',        '2007-11-09 21:00:00',  18,    'Gold'),
(00019, 4,       'felix993',         '2016-07-06 15:00:00',  19,    'Silver'),
(00020, 5,       'geetha10104',      '2016-07-06 21:00:00',  20,    'Silver'),
(00021, 2,       'hakim976',         '1994-07-01 09:00:00',  21,    'Platinum'),
(00022, 3,       'harini593',        '1994-07-01 12:00:00',  22,    'Gold'),
(00023, 4,       'harold3104',       '1994-07-01 18:00:00',  23,    'Silver'),
(00024, 5,       'hetal7105',        '2016-08-25 09:00:00',  24,    'Platinum'),
(00025, 2,       'jannis564',        '2015-07-17 18:00:00',  25,    'Gold'),
(00026, 3,       'jeet949',      '2011-07-22 12:00:00',  26,    'Silver'),
(00027, 4,       'joseph1102',       '2006-07-14 09:00:00',  27,    'Platinum'),
(00028, 5,       'kabir543',         '2018-11-08 12:00:00',  28,    'Gold'),
(00029, 2,       'karan811',         '2018-11-08 15:00:00',  29,    'Silver'),
(00030, 3,       'lohit299',         '2010-09-10 09:00:00',  30,    'Silver'),
(00031, 4,       'luke979',      '2012-12-21 12:00:00',  31,    'Platinum'),
(00032, 3,       'mangala4101',      '2014-07-25 15:00:00',  32,    'Gold'),
(00033, 2,       'marcus731',        '2022-11-01 12:00:00',  33,    'Silver'),
(00034, 3,       'nanna436',         '2019-10-02 09:00:00',  34,    'Platinum'),
(00035, 4,       'raj866',       '2019-10-02 12:00:00',  35,    'Gold'),
(00036, 5,       'ratnakar562',      '2019-10-02 15:00:00',  36,    'Silver'),
(00037, 2,       'regina223',        '2006-06-23 15:00:00',  37,    'Platinum'),
(00038, 3,       'riccardo153',      '2006-06-23 18:00:00',  38,    'Gold'),
(00039, 1,       'saranya1072',      '2006-06-23 21:00:00',  39,    'Silver'),
(00040, 5,       'shahistha455',         '2013-11-01 09:00:00',  40,    'Silver'),
(00041, 2,       'sophia631',        '2006-10-20 09:00:00',  41,    'Platinum'),
(00042, 3,       'sushma621',        '2006-10-20 12:00:00',  42,    'Gold'),
(00043, 4,       'swathi231',        '2006-10-20 15:00:00',  43,    'Silver'),
(00044, 1,       'teerth944',        '2006-10-20 18:00:00',  44,    'Platinum'),
(00045, 2,       'aayush1107',       '2011-12-23 15:00:00',  45,    'Gold'),
(00046, 3,       'aayush1107',       '2013-08-09 12:00:00',  46,    'Silver'),
(00047, 4,       'aayush1107',       '2015-07-10 12:00:00',  47,    'Platinum'),
(00048, 5,       'aayush1107',       '2012-08-08 12:00:00',  48,    'Gold'),
(00049, 2,       'nanna436',         '2009-12-25 09:00:00',  49,    'Silver'),
(00050, 3,       'nanna436',         '2009-12-25 15:00:00',  50,    'Platinum'),
(00051, 4,       'nanna436',         '1994-07-06 18:00:00',  51,    'Gold'),
(00052, 5,       'adyasa476',        '1997-12-19 09:00:00',  52,    'Silver'),
(00053, 2,       'adyasa476',        '2013-12-25 12:00:00',  53,    'Platinum'),
(00054, 1,       'adyasa476',        '2013-12-25 15:00:00',  54,    'Gold'),
(00055, 4,       'adyasa476',        '2003-07-09 12:00:00',  55,    'Silver'),
(00056, 5,       'adyasa476',        '2003-07-09 15:00:00',  56,    'Platinum'),
(00057, 2,       'adyasa476',        '2003-07-09 18:00:00',  57,    'Gold'),
(00058, 3,       'bella181',         '2008-05-02 12:00:00',  58,    'Silver'),
(00059, 4,       'bella181',         '2008-05-02 15:00:00',  59,    'Platinum'),
(00060, 5,       'dev975',       '2008-05-02 18:00:00',  60,    'Gold'),
(00061, 2,       'ratnakar562',      '2008-04-04 12:00:00',  61,    'Silver'),
(00062, 3,       'ratnakar562',      '2012-05-04 15:00:00',  62,    'Platinum'),
(00063, 4,       'dev975',       '2012-05-04 18:00:00',  63,    'Gold'),
(00064, 5,       'swathi231',        '2011-05-22 12:00:00',  64,    'Silver'),
(00065, 2,       'dev975',       '1994-05-16 12:00:00',  65,    'Platinum'),
(00066, 3,       'swathi231',        '1986-03-25 12:00:00',  66,    'Gold'),
(00067, 4,       'ernesto212',       '2021-07-25 12:00:00',  67,    'Silver'),
(00068, 5,       'ernesto212',       '2021-07-25 12:00:00',  68,    'Platinum'),
(00069, 2,       'ernesto212',       '2021-07-25 12:00:00',  69,    'Gold'),
(00070, 3,       'hakim976',         '2021-07-25 12:00:00',  70,    'Silver'),
(00071, 4,       'hakim976',         '2021-07-25 12:00:00',  71,    'Platinum'),
(00072, 1,       'harold3104',       '1994-07-01 09:00:00',  22,    'Gold'),
(00073, 4,       'hetal7105',        '1994-06-11 11:00:00',  22,    'Silver'),
(00074, 2,       'jannis564',        '1994-06-12 07:00:00',  22,    'Platinum'),
(00075, 3,       'jeet949',      '1994-06-14 03:00:00',  22,    'Gold'),
(00076, 7,       'joseph1102',       '1994-06-27 01:00:00',  22,    'Silver'),
(00077, 4,       'kabir543',         '1994-05-15 13:30:00',  22,    'Platinum'),
(00078, 5,       'kabir543',         '2014-07-25 13:30:00',  32,    'Gold'),
(00079,      4,       'zoya978',     '2012-11-21     12:00:00',  31,    'Silver'),
(00080, 3,       'zoey612',      '2014-06-25 09:00:00',  32,    'Platinum'),
(00081, 2,       'yashika7410',      '2022-10-01 12:00:00',  33,    'Gold'),
(00082, 3,       'viraj1084',        '2019-09-02 09:00:00',  34,    'Silver'),
(00083, 4,       'vilma5110',        '2019-08-02 12:00:00',  35,    'Platinum'),
(00084, 5,       'varsha5910',       '2019-08-02 09:00:00',  36,    'Gold'),
(00085, 2,       'utkarsh315',       '2006-06-23 09:00:00',  37,    'Silver'),
(00086, 3,       'teerth944',        '2006-06-23 18:00:00',  38,    'Platinum'),
(00087, 1,       'swathi231',        '2006-06-23 21:00:00',  39,    'Gold'),
(00088, 5,       'sushma621',        '2013-07-01 09:00:00',  40,    'Silver'),
(00089, 2,       'sophia631',        '2006-08-20 09:00:00',  41,    'Platinum'),
(00090, 3,       'saranya1072',      '2006-08-20 08:30:00',  42,    'Gold'),
(00091, 4,       'regina223',        '2006-08-20 09:00:00',  43,    'Silver'),
(00092, 1,       'ratnakar562',      '2006-08-20 18:00:00',  44,    'Platinum'),
(00093, 2,       'aayush1107',       '2011-12-23 09:00:00',  45,    'Gold'),
(00094, 3,       'aayush1107',       '2013-08-09 08:30:00',  46,    'Silver'),
(00095, 4,       'aayush1107',       '2015-07-10 08:30:00',  47,    'Platinum'),
(00096, 5,       'aayush1107',       '2012-08-08 08:30:00',  48,    'Gold'),
(00097, 2,       'nanna436',         '2009-12-25 09:00:00',  49,    'Silver'),
(00098, 3,       'nanna436',         '2009-12-25 09:00:00',  50,    'Platinum'),
(00099, 4,       'nanna436',         '1994-07-06 18:00:00',  51,    'Gold'),
(00100, 5,       'adyasa476',        '1997-12-19 09:00:00',  52,    'Silver'),
(00101, 2,       'adyasa476',        '2013-12-25 08:30:00',  53,    'Platinum'),
(00102, 1,       'adyasa476',        '2013-12-25 09:00:00',  54,    'Gold'),
(00103, 4,       'adyasa476',        '2003-07-09 08:30:00',  55,    'Silver'),
(00104, 5,       'adyasa476',        '2003-07-09 09:00:00',  56,    'Platinum'),
(00105, 2,       'adyasa476',        '2003-07-09 18:00:00',  57,    'Gold'),
(00106, 3,       'bella181',         '2008-05-02 08:30:00',  58,    'Silver'),
(00107, 4,       'bella181',         '2008-05-02 09:00:00',  59,    'Platinum'),
(00108, 5,       'dev975',       '2008-05-02 18:00:00',  60,    'Gold'),
(00109, 2,       'ratnakar562',      '2008-05-01 08:30:00',  61,    'Silver'),
(00110, 3,       'ratnakar562',      '2012-05-04 09:00:00',  62,    'Platinum'),
(00111, 4,       'dev975',       '2012-05-04 18:00:00',  63,    'Gold'),
(00112, 5,       'swathi231',        '1996-05-22 08:30:00',  64,    'Silver'),
(00113, 2,       'dev975',       '1986-05-16 08:30:00',  65,    'Platinum'),
(00114, 3,       'swathi231',        '1985-07-25 08:30:00',  66,    'Gold'),
(00115, 4,       'ernesto212',       '2021-07-25 08:30:00',  67,    'Silver'),
(00116, 5,       'ernesto212',       '2021-07-25 08:30:00',  68,    'Platinum'),
(00117, 2,       'ernesto212',       '2021-07-25 08:30:00',  69,    'Gold'),
(00118, 3,       'hakim976',         '2021-07-25 12:00:00',  70,    'Silver'),
(00119, 4,       'hakim976',         '2021-07-25 12:00:00',  71,    'Platinum'),
(00120, 1,       'harold3104',       '1994-07-01 09:00:00',  22,    'Gold'),
(00121, 4,       'hetal7105',        '1994-06-11 11:00:00',  22,    'Silver'),
(00122, 2,       'jannis564',        '1994-06-12 07:00:00',  22,    'Platinum'),
(00123, 3,       'jeet949',      '1994-06-14 03:00:00',  22,    'Gold'),
(00124, 7,       'joseph1102',       '1994-06-27 01:00:00',  22,    'Silver'),
(00125, 4,       'kabir543',         '1994-05-15 13:30:00',  22,    'Platinum'),
(00126, 5,       'kabir543',         '2014-07-25 13:30:00',  32,    'Gold'),
(00127, 4,       'zoya978',      '2012-12-21 12:00:00',  31,    'Silver'),
(00128, 3,       'zoey612',      '2014-07-25 09:00:00',  32,    'Platinum'),
(00129, 2,       'yashika7410',      '2022-07-01 12:00:00',  33,    'Gold'),
(00130, 3,       'viraj1084',        '2019-08-02 09:00:00',  34,    'Silver'),
(00131, 4,       'vilma5110',        '2019-08-02 12:00:00',  35,    'Platinum'),
(00132, 5,       'varsha5910',       '2019-08-02 09:00:00',  36,    'Gold'),
(00133, 2,       'utkarsh315',       '2006-06-23 09:00:00',  37,    'Silver'),
(00134, 3,       'teerth944',        '2006-06-23 18:00:00',  38,    'Platinum'),
(00135, 1,       'swathi231',        '2006-06-23 21:00:00',  39,    'Gold'),
(00136, 5,       'sushma621',        '2013-07-01 09:00:00',  40,    'Silver'),
(00137, 2,       'sophia631',        '2006-08-20 09:00:00',  41,    'Platinum'),
(00138, 3,       'saranya1072',      '2006-08-20 12:00:00',  42,    'Gold'),
(00139, 4,       'regina223',        '2006-10-20 09:00:00',  43,    'Silver'),
(00140, 1,       'ratnakar562',      '2006-10-20 18:00:00',  44,    'Platinum'),
(00141, 2,       'aayush1107',       '2011-12-23 09:00:00',  45,    'Gold'),
(00142, 3,       'aayush1107',       '2013-08-09 12:00:00',  46,    'Silver'),
(00143, 4,       'aayush1107',       '2015-07-10 12:00:00',  47,    'Platinum'),
(00144, 5,       'aayush1107',       '2012-08-08 12:00:00',  48,    'Gold'),
(00145, 2,       'nanna436',         '2009-12-25 09:00:00',  49,    'Silver'),
(00146, 3,       'nanna436',         '2009-12-25 09:00:00',  50,    'Platinum'),
(00147, 4,       'nanna436',         '1994-07-06 18:00:00',  51,    'Gold'),
(00148, 5,       'adyasa476',        '1997-12-19 09:00:00',  52,    'Silver'),
(00149, 2,       'adyasa476',        '2013-12-25 12:00:00',  53,    'Platinum'),
(00150, 1,       'adyasa476',        '2013-12-25 09:00:00',  54,    'Gold'),
(00151, 4,       'adyasa476',        '2003-07-09 12:00:00',  55,    'Silver'),
(00152, 1,       'marcus731',        '2021-06-01 12:00:00',  72,    'Silver'),
(00153, 2,       'nanna436',         '2019-10-02 09:00:00',  73,    'Platinum'),
(00154, 3,       'raj866',            '2019-10-02 12:00:00',  74,    'Gold'),
(00155, 4,       'ratnakar562',      '2019-10-02 15:00:00',  75,    'Silver'),
(00156, 5,       'regina223',        '2006-06-23 15:00:00',  76,    'Platinum'),
(00157, 2,       'riccardo153',      '2006-06-23 18:00:00',  75,    'Gold'),
(00158, 1,       'saranya1072',      '2006-06-23 21:00:00',  73,  'Silver'),
(00159, 5,       'shahistha455',     '2013-11-01 09:00:00',  74,    'Silver'),
(00160, 2,       'sophia631',        '2006-10-20 09:00:00',  75,    'Platinum'),
(00161, 3,       'sushma621',        '2006-10-20 12:00:00',  76,    'Gold');

SELECT * FROM booking;

-- Here the Insert Values of Seat Table is given
INSERT INTO Seat (showid, seating_type, price)
VALUES
(1, 'Platinum', 600.00),(1, 'Gold', 500.00),(1, 'Silver', 400.00),
(2, 'Platinum', 550.00),(2, 'Gold', 450.00),(2, 'Silver', 350.00),
(3, 'Platinum', 620.00),(3, 'Gold', 520.00),(3, 'Silver', 420.00),
(4, 'Platinum', 580.00),(4, 'Gold', 480.00),(4, 'Silver', 380.00),
(5, 'Platinum', 610.00),(5, 'Gold', 510.00),(5, 'Silver', 410.00),
(6, 'Platinum', 630.00),(6, 'Gold', 530.00),(6, 'Silver', 430.00),
(7, 'Platinum', 590.00),(7, 'Gold', 490.00),(7, 'Silver', 390.00),
(8, 'Platinum', 570.00),(8, 'Gold', 470.00),(8, 'Silver', 370.00),
(9, 'Platinum', 640.00),(9, 'Gold', 540.00),(9, 'Silver', 440.00),
(10, 'Platinum', 660.00),(10, 'Gold', 560.00),(10, 'Silver', 460.00),
(11, 'Platinum', 700.00),(11, 'Gold', 600.00),(11, 'Silver', 500.00),
(12, 'Platinum', 750.00),(12, 'Gold', 650.00),(12, 'Silver', 550.00),
(13, 'Platinum', 800.00),(13, 'Gold', 700.00),(13, 'Silver', 600.00),
(14, 'Platinum', 850.00),(14, 'Gold', 750.00),(14, 'Silver', 650.00),
(15, 'Platinum', 900.00),(15, 'Gold', 800.00),(15, 'Silver', 700.00),
(16, 'Platinum', 950.00),(16, 'Gold', 850.00),(16, 'Silver', 750.00),
(17, 'Platinum', 1000.00),(17, 'Gold', 900.00),(17, 'Silver', 800.00),
(18, 'Platinum', 1050.00),(18, 'Gold', 950.00),(18, 'Silver', 850.00),
(19, 'Platinum', 1100.00),(19, 'Gold', 1000.00),(19, 'Silver', 900.00),
(20, 'Platinum', 1200.00),(20, 'Gold', 1000.00),(20, 'Silver', 800.00),
(21, 'Platinum', 600.00),(21, 'Gold', 500.00),(21, 'Silver', 400.00),
(22, 'Platinum', 550.00),(22, 'Gold', 450.00),(22, 'Silver', 350.00),
(23, 'Platinum', 620.00),(23, 'Gold', 520.00),(23, 'Silver', 420.00),
(24, 'Platinum', 580.00),(24, 'Gold', 480.00),(24, 'Silver', 380.00),
(25, 'Platinum', 610.00),(25, 'Gold', 510.00),(25, 'Silver', 410.00),
(26, 'Platinum', 630.00),(26, 'Gold', 530.00),(26, 'Silver', 430.00),
(27, 'Platinum', 590.00),(27, 'Gold', 490.00),(27, 'Silver', 390.00),
(28, 'Platinum', 570.00),(28, 'Gold', 470.00),(28, 'Silver', 370.00),
(29, 'Platinum', 640.00),(29, 'Gold', 540.00),(29, 'Silver', 440.00),
(30, 'Platinum', 660.00),(30, 'Gold', 560.00),(30, 'Silver', 460.00),
(31, 'Platinum', 700.00),(31, 'Gold', 600.00),(31, 'Silver', 500.00),
(32, 'Platinum', 750.00),(32, 'Gold', 650.00),(32, 'Silver', 550.00),
(33, 'Platinum', 800.00),(33, 'Gold', 700.00),(33, 'Silver', 600.00),
(34, 'Platinum', 850.00),(34, 'Gold', 750.00),(34, 'Silver', 650.00),
(35, 'Platinum', 900.00),(35, 'Gold', 800.00),(35, 'Silver', 700.00),
(36, 'Platinum', 950.00),(36, 'Gold', 850.00),(36, 'Silver', 750.00),
(37, 'Platinum', 1000.00),(37, 'Gold', 900.00),(37, 'Silver', 800.00),
(38, 'Platinum', 1050.00),(38, 'Gold', 950.00),(38, 'Silver', 850.00),
(39, 'Platinum', 1100.00),(39, 'Gold', 1000.00),(39, 'Silver', 900.00),
(40, 'Platinum', 1150.00),(40, 'Gold', 1050.00),(40, 'Silver', 950.00),
(41, 'Platinum', 1200.00),(41, 'Gold', 1000.00),(41, 'Silver', 800.00),
(42, 'Platinum', 600.00),(42, 'Gold', 500.00),(42, 'Silver', 400.00),
(43, 'Platinum', 550.00),(43, 'Gold', 450.00),(43, 'Silver', 350.00),
(44, 'Platinum', 620.00),(44, 'Gold', 520.00),(44, 'Silver', 420.00),
(45, 'Platinum', 580.00),(45, 'Gold', 480.00),(45, 'Silver', 380.00),
(46, 'Platinum', 610.00),(46, 'Gold', 510.00),(46, 'Silver', 410.00),
(47, 'Platinum', 630.00),(47, 'Gold', 530.00),(47, 'Silver', 430.00),
(48, 'Platinum', 590.00),(48, 'Gold', 490.00),(48, 'Silver', 390.00),
(49, 'Platinum', 570.00),(49, 'Gold', 470.00),(49, 'Silver', 370.00),
(50, 'Platinum', 640.00),(50, 'Gold', 540.00),(50, 'Silver', 440.00),
(51, 'Platinum', 660.00),(51, 'Gold', 560.00),(51, 'Silver', 460.00),
(52, 'Platinum', 700.00),(52, 'Gold', 600.00),(52, 'Silver', 500.00),
(53, 'Platinum', 750.00),(53, 'Gold', 650.00),(53, 'Silver', 550.00),
(54, 'Platinum', 800.00),(54, 'Gold', 700.00),(54, 'Silver', 600.00),
(55, 'Platinum', 850.00),(55, 'Gold', 750.00),(55, 'Silver', 650.00),
(56, 'Platinum', 900.00),(56, 'Gold', 800.00),(56, 'Silver', 700.00),
(57, 'Platinum', 950.00),(57, 'Gold', 850.00),(57, 'Silver', 750.00),
(58, 'Platinum', 1000.00),(58, 'Gold', 900.00),(58, 'Silver', 800.00),
(59, 'Platinum', 1050.00),(59, 'Gold', 950.00),(59, 'Silver', 850.00),
(60, 'Platinum', 1100.00),(60, 'Gold', 1000.00),(60, 'Silver', 900.00),
(61, 'Platinum', 1150.00),(61, 'Gold', 1050.00),(61, 'Silver', 950.00),
(62, 'Platinum', 1200.00),(62, 'Gold', 1000.00),(62, 'Silver', 800.00),
(63, 'Platinum', 600.00),(63, 'Gold', 500.00),(63, 'Silver', 400.00),
(64, 'Platinum', 550.00),(64, 'Gold', 450.00),(64, 'Silver', 350.00),
(65, 'Platinum', 620.00),(65, 'Gold', 520.00),(65, 'Silver', 420.00),
(66, 'Platinum', 580.00),(66, 'Gold', 480.00),(66, 'Silver', 380.00),
(67, 'Platinum', 610.00),(67, 'Gold', 510.00),(67, 'Silver', 410.00),
(68, 'Platinum', 630.00),(68, 'Gold', 530.00),(68, 'Silver', 430.00),
(69, 'Platinum', 590.00),(69, 'Gold', 490.00),(69, 'Silver', 390.00),
(70, 'Platinum', 570.00),(70, 'Gold', 470.00),(70, 'Silver', 370.00),
(71, 'Platinum', 640.00),(71, 'Gold', 540.00),(71, 'Silver', 440.00),
(72, 'Platinum', 660.00),(72, 'Gold', 560.00),(72, 'Silver', 460.00),
(73, 'Platinum', 700.00),(73, 'Gold', 600.00),(73, 'Silver', 500.00),
(74, 'Platinum', 750.00),(74, 'Gold', 650.00),(74, 'Silver', 550.00),
(75, 'Platinum', 800.00),(75, 'Gold', 700.00),(75, 'Silver', 600.00),
(76, 'Platinum', 850.00),(76, 'Gold', 750.00),(76, 'Silver', 650.00);

SELECT * FROM Seat;

-- Here the Insert Values of Payment Table is given
INSERT INTO payment (transaction_no, booking_no, payment_type, payment_time)
VALUES
(FLOOR(RANDOM() * 100000), 00001, 'Credit Card', '2021-12-15 09:00:00'),
(FLOOR(RANDOM() * 100000), 00002, 'Debit Card', '2021-12-25 13:00:00'),
(FLOOR(RANDOM() * 100000), 00003, 'Credit Card', '2021-12-25 16:00:00'),
(FLOOR(RANDOM() * 100000), 00004, 'UPI Payment', '2021-12-25 19:00:00'),
(FLOOR(RANDOM() * 100000), 00005, 'Net Banking', '2021-11-25 09:00:00'),
(FLOOR(RANDOM() * 100000), 00006, 'UPI Payment', '2021-10-25 09:00:00'),
(FLOOR(RANDOM() * 100000), 00007, 'Net Banking', '2021-07-25 09:00:00'),
(FLOOR(RANDOM() * 100000), 00008, 'Debit Card', '2021-06-25 09:00:00'),
(FLOOR(RANDOM() * 100000), 00009, 'UPI Payment', '2021-06-25 15:00:00'),
(FLOOR(RANDOM() * 100000), 00010, 'Net Banking', '2021-06-25 18:00:00'),
(FLOOR(RANDOM() * 100000), 00011, 'UPI Payment', '2019-04-18 09:00:00'),
(FLOOR(RANDOM() * 100000), 00012, 'Net Banking', '2013-12-20 09:00:00'),
(FLOOR(RANDOM() * 100000), 00013, 'UPI Payment', '2013-12-20 15:00:00'),
(FLOOR(RANDOM() * 100000), 00014, 'Net Banking', '2015-12-18 09:00:00'),
(FLOOR(RANDOM() * 100000), 00015, 'Credit Card', '2015-12-18 12:00:00'),
(FLOOR(RANDOM() * 100000), 00016, 'UPI Payment', '2007-11-09 12:00:00'),
(FLOOR(RANDOM() * 100000), 00017, 'Net Banking', '2007-11-09 15:00:00'),
(FLOOR(RANDOM() * 100000), 00018, 'UPI Payment', '2007-11-09 21:00:00'),
(FLOOR(RANDOM() * 100000), 00019, 'Net Banking', '2016-07-06 15:00:00'),
(FLOOR(RANDOM() * 100000), 00020, 'Debit Card', '2016-07-06 21:00:00'),
(FLOOR(RANDOM() * 100000), 00021, 'UPI Payment', '1994-07-01 09:00:00'),
(FLOOR(RANDOM() * 100000), 00022, 'Net Banking', '1994-07-01 12:00:00'),
(FLOOR(RANDOM() * 100000), 00023, 'UPI Payment', '1994-07-01 18:00:00'),
(FLOOR(RANDOM() * 100000), 00024, 'Net Banking', '2016-08-25 09:00:00'),
(FLOOR(RANDOM() * 100000), 00025, 'Credit Card', '2015-07-17 18:00:00'),
(FLOOR(RANDOM() * 100000), 00026, 'UPI Payment', '2011-07-22 12:00:00'),
(FLOOR(RANDOM() * 100000), 00027, 'Net Banking', '2006-07-14 09:00:00'),
(FLOOR(RANDOM() * 100000), 00028, 'UPI Payment', '2018-11-08 12:00:00'),
(FLOOR(RANDOM() * 100000), 00029, 'Net Banking', '2018-11-08 15:00:00'),
(FLOOR(RANDOM() * 100000), 00030, 'Debit Card', '2010-09-10 09:00:00'),
(FLOOR(RANDOM() * 100000), 00031, 'Credit Card', '2012-12-21 12:00:00'),
(FLOOR(RANDOM() * 100000), 00032, 'Debit Card', '2014-07-25 15:00:00'),
(FLOOR(RANDOM() * 100000), 00033, 'Credit Card', '2022-11-01 12:00:00'),
(FLOOR(RANDOM() * 100000), 00034, 'Debit Card', '2019-10-02 09:00:00'),
(FLOOR(RANDOM() * 100000), 00035, 'UPI Payment', '2019-10-02 12:00:00'),
(FLOOR(RANDOM() * 100000), 00036, 'Net Banking', '2019-10-02 15:00:00'),
(FLOOR(RANDOM() * 100000), 00037, 'UPI Payment', '2006-06-23 15:00:00'),
(FLOOR(RANDOM() * 100000), 00038, 'Net Banking', '2006-06-23 18:00:00'),
(FLOOR(RANDOM() * 100000), 00039, 'Credit Card', '2006-06-23 21:00:00'),
(FLOOR(RANDOM() * 100000), 00040, 'Debit Card', '2013-11-01 09:00:00'),
(FLOOR(RANDOM() * 100000), 00041, 'Credit Card', '2006-10-20 09:00:00'),
(FLOOR(RANDOM() * 100000), 00042, 'Debit Card', '2006-10-20 12:00:00'),
(FLOOR(RANDOM() * 100000), 00043, 'Credit Card', '2006-10-20 15:00:00'),
(FLOOR(RANDOM() * 100000), 00044, 'Debit Card', '2006-10-20 18:00:00'),
(FLOOR(RANDOM() * 100000), 00045, 'Credit Card', '2011-12-23 15:00:00'),
(FLOOR(RANDOM() * 100000), 00046, 'UPI Payment', '2013-08-09 12:00:00'),
(FLOOR(RANDOM() * 100000), 00047, 'Net Banking', '2015-07-10 12:00:00'),
(FLOOR(RANDOM() * 100000), 00048, 'UPI Payment', '2012-08-08 12:00:00'),
(FLOOR(RANDOM() * 100000), 00049, 'Net Banking', '2009-12-25 09:00:00'),
(FLOOR(RANDOM() * 100000), 00050, 'Debit Card', '2009-12-25 15:00:00'),
(FLOOR(RANDOM() * 100000), 00051, 'Credit Card', '1994-07-06 18:00:00'),
(FLOOR(RANDOM() * 100000), 00052, 'Debit Card', '1997-12-19 09:00:00'),
(FLOOR(RANDOM() * 100000), 00053, 'Credit Card', '2013-12-25 12:00:00'),
(FLOOR(RANDOM() * 100000), 00054, 'Debit Card', '2013-12-25 15:00:00'),
(FLOOR(RANDOM() * 100000), 00055, 'UPI Payment', '2003-07-09 12:00:00'),
(FLOOR(RANDOM() * 100000), 00056, 'Net Banking', '2003-07-09 15:00:00'),
(FLOOR(RANDOM() * 100000), 00057, 'UPI Payment', '2003-07-09 18:00:00'),
(FLOOR(RANDOM() * 100000), 00058, 'Net Banking', '2008-05-02 12:00:00'),
(FLOOR(RANDOM() * 100000), 00059, 'Credit Card', '2008-05-02 15:00:00'),
(FLOOR(RANDOM() * 100000), 00060, 'Debit Card', '2008-05-02 18:00:00'),
(FLOOR(RANDOM() * 100000), 00061, 'UPI Payment', '2008-04-03 12:00:00'),
(FLOOR(RANDOM() * 100000), 00062, 'Net Banking', '2012-05-04 15:00:00'),
(FLOOR(RANDOM() * 100000), 00063, 'UPI Payment', '2012-05-04 18:00:00'),
(FLOOR(RANDOM() * 100000), 00064, 'Net Banking', '1996-05-22 12:00:00'),
(FLOOR(RANDOM() * 100000), 00065, 'Credit Card', '1986-05-16 12:00:00'),
(FLOOR(RANDOM() * 100000), 00066, 'UPI Payment', '1986-03-25 11:00:00'),
(FLOOR(RANDOM() * 100000), 00067, 'Net Banking', '2021-07-25 12:00:00'),
(FLOOR(RANDOM() * 100000), 00068, 'UPI Payment', '2021-07-25 12:00:00'),
(FLOOR(RANDOM() * 100000), 00069, 'Net Banking', '2021-07-25 12:00:00'),
(FLOOR(RANDOM() * 100000), 00070, 'UPI Payment', '2021-07-25 12:00:00'),
(FLOOR(RANDOM() * 100000), 00071, 'Net Banking', '2021-07-25 12:00:00'),
(FLOOR(RANDOM() * 100000), 00072, 'UPI Payment', '1994-07-01 09:00:00'),
(FLOOR(RANDOM() * 100000), 00073, 'Net Banking', '1994-06-11 11:00:00'),
(FLOOR(RANDOM() * 100000), 00074, 'UPI Payment', '1994-06-12 07:00:00'),
(FLOOR(RANDOM() * 100000), 00075, 'Net Banking', '1994-06-14 03:00:00'),
(FLOOR(RANDOM() * 100000), 00076, 'UPI Payment', '1994-06-27 01:00:00'),
(FLOOR(RANDOM() * 100000), 00077, 'Net Banking', '1994-05-15 13:25:00'),    
(FLOOR(RANDOM() * 100000), 00078, 'UPI Payment', '2014-07-25 13:30:00'),
(FLOOR(RANDOM() * 100000), 00079, 'Net Banking', '2012-11-21 12:00:00'),
(FLOOR(RANDOM() * 100000), 00080, 'Debit Card', '2014-06-25 09:00:00'),
(FLOOR(RANDOM() * 100000), 00081, 'Credit Card', '2022-10-01 12:00:00'),
(FLOOR(RANDOM() * 100000), 00082, 'Debit Card', '2019-09-02 09:00:00'),
(FLOOR(RANDOM() * 100000), 00083, 'Credit Card', '2019-08-02 12:00:00'),
(FLOOR(RANDOM() * 100000), 00084, 'Debit Card', '2019-08-02 09:00:00'),
(FLOOR(RANDOM() * 100000), 00085, 'Credit Card', '2006-06-23 09:00:00'),
(FLOOR(RANDOM() * 100000), 00086, 'Debit Card', '2006-06-23 18:00:00'),
(FLOOR(RANDOM() * 100000), 00087, 'UPI Payment', '2006-06-23 21:00:00'),
(FLOOR(RANDOM() * 100000), 00088, 'Net Banking', '2013-07-01 09:00:00'),
(FLOOR(RANDOM() * 100000), 00089, 'UPI Payment', '2006-08-20 09:00:00'),
(FLOOR(RANDOM() * 100000), 00090, 'Net Banking', '2006-08-20 08:30:00'),
(FLOOR(RANDOM() * 100000), 00091, 'Credit Card', '2006-08-20 09:00:00'),
(FLOOR(RANDOM() * 100000), 00092, 'UPI Payment', '2006-08-20 18:00:00'),
(FLOOR(RANDOM() * 100000), 00093, 'Net Banking', '2011-12-23 09:00:00'),
(FLOOR(RANDOM() * 100000), 00094, 'UPI Payment', '2013-08-09 08:30:00'),
(FLOOR(RANDOM() * 100000), 00095, 'Net Banking', '2015-07-10 08:30:00'),
(FLOOR(RANDOM() * 100000), 00096, 'Debit Card', '2012-08-08 08:30:00'),
(FLOOR(RANDOM() * 100000), 00097, 'Credit Card', '2009-12-25 09:00:00'),
(FLOOR(RANDOM() * 100000), 00098, 'Debit Card', '2009-12-25 09:00:00'),
(FLOOR(RANDOM() * 100000), 00099, 'Credit Card', '1994-07-06 18:00:00'),
(FLOOR(RANDOM() * 100000), 00100, 'UPI Payment', '1997-12-19 09:00:00'),
(FLOOR(RANDOM() * 100000), 00101, 'Net Banking', '2013-12-25 08:30:00'),
(FLOOR(RANDOM() * 100000), 00102, 'UPI Payment', '2013-12-25 09:00:00'),
(FLOOR(RANDOM() * 100000), 00103, 'Net Banking', '2003-07-09 08:30:00'),
(FLOOR(RANDOM() * 100000), 00104, 'Debit Card', '2003-07-09 09:00:00'),
(FLOOR(RANDOM() * 100000), 00105, 'Credit Card', '2003-07-09 18:00:00'),
(FLOOR(RANDOM() * 100000), 00106, 'Debit Card', '2008-05-02 08:30:00'),
(FLOOR(RANDOM() * 100000), 00107, 'UPI Payment', '2008-05-02 09:00:00'),
(FLOOR(RANDOM() * 100000), 00108, 'Net Banking', '2008-05-02 18:00:00'),
(FLOOR(RANDOM() * 100000), 00109, 'UPI Payment', '2008-05-01 08:20:00'),
(FLOOR(RANDOM() * 100000), 00110, 'Net Banking', '2012-05-04 09:00:00'),
(FLOOR(RANDOM() * 100000), 00111, 'Credit Card', '2012-05-04 18:00:00'),
(FLOOR(RANDOM() * 100000), 00112, 'UPI Payment', '1996-05-22 08:30:00'),
(FLOOR(RANDOM() * 100000), 00113, 'Net Banking', '1986-05-16 08:30:00'),
(FLOOR(RANDOM() * 100000), 00114, 'UPI Payment', '1985-07-24 08:30:00'),
(FLOOR(RANDOM() * 100000), 00115, 'Net Banking', '2021-07-25 08:30:00'),
(FLOOR(RANDOM() * 100000), 00116, 'Debit Card', '2021-07-25 08:30:00'),
(FLOOR(RANDOM() * 100000), 00117, 'UPI Payment', '2021-07-25 08:30:00'),
(FLOOR(RANDOM() * 100000), 00118, 'Net Banking', '2021-07-25 12:00:00'),
(FLOOR(RANDOM() * 100000), 00119, 'UPI Payment', '2021-07-25 12:00:00'),
(FLOOR(RANDOM() * 100000), 00120, 'Net Banking', '1994-07-01 09:00:00'),
(FLOOR(RANDOM() * 100000), 00121, 'Credit Card', '1994-06-11 11:00:00'),
(FLOOR(RANDOM() * 100000), 00122, 'UPI Payment', '1994-06-12 07:00:00'),
(FLOOR(RANDOM() * 100000), 00123, 'Net Banking', '1994-06-14 03:00:00'),
(FLOOR(RANDOM() * 100000), 00124, 'UPI Payment', '1994-06-27 01:00:00'),
(FLOOR(RANDOM() * 100000), 00125, 'Net Banking', '1994-05-15 13:30:00'),
(FLOOR(RANDOM() * 100000), 00126, 'Debit Card', '2014-07-25 13:30:00'),
(FLOOR(RANDOM() * 100000), 00127, 'Credit Card', '2012-12-21 12:00:00'),
(FLOOR(RANDOM() * 100000), 00128, 'UPI Payment', '2014-07-25 09:00:00'),
(FLOOR(RANDOM() * 100000), 00129, 'Net Banking', '2022-07-01 12:00:00'),
(FLOOR(RANDOM() * 100000), 00130, 'UPI Payment', '2019-08-02 09:00:00'),
(FLOOR(RANDOM() * 100000), 00131, 'Net Banking', '2019-08-02 12:00:00'),
(FLOOR(RANDOM() * 100000), 00132, 'UPI Payment', '2019-08-02 09:00:00'),
(FLOOR(RANDOM() * 100000), 00133, 'Net Banking', '2006-06-23 09:00:00'),
(FLOOR(RANDOM() * 100000), 00134, 'UPI Payment', '2006-06-23 18:00:00'),
(FLOOR(RANDOM() * 100000), 00135, 'Net Banking', '2006-06-23 21:00:00'),
(FLOOR(RANDOM() * 100000), 00136, 'UPI Payment', '2013-07-01 09:00:00'),
(FLOOR(RANDOM() * 100000), 00137, 'Net Banking', '2006-08-20 09:00:00'),
(FLOOR(RANDOM() * 100000), 00138, 'UPI Payment', '2006-08-20 08:30:00'),
(FLOOR(RANDOM() * 100000), 00139, 'Net Banking', '2006-08-20 09:00:00'),
(FLOOR(RANDOM() * 100000), 00140, 'Net Banking', '2006-08-20 18:00:00'),
(FLOOR(RANDOM() * 100000), 00141, 'UPI Payment', '2011-12-23 09:00:00'),
(FLOOR(RANDOM() * 100000), 00142, 'Net Banking', '2013-08-09 08:30:00'),
(FLOOR(RANDOM() * 100000), 00143, 'Credit Card', '2015-07-10 08:30:00'),
(FLOOR(RANDOM() * 100000), 00144, 'Debit Card', '2012-08-08 08:30:00'),
(FLOOR(RANDOM() * 100000), 00145, 'UPI Payment', '2009-12-25 09:00:00'),
(FLOOR(RANDOM() * 100000), 00146, 'Net Banking', '2009-12-25 09:00:00'),
(FLOOR(RANDOM() * 100000), 00147, 'UPI Payment', '1994-07-06 18:00:00'),
(FLOOR(RANDOM() * 100000), 00148, 'Net Banking', '1997-12-19 09:00:00'),
(FLOOR(RANDOM() * 100000), 00149, 'Credit Card', '2013-12-25 12:00:00'),
(FLOOR(RANDOM() * 100000), 00150, 'UPI Payment', '2013-12-25 08:00:00'),
(FLOOR(RANDOM() * 100000), 00151, 'Net Banking', '2003-07-09 12:00:00'),
(FLOOR(RANDOM() * 100000), 00152, 'Debit Card', '2003-07-09 15:00:00'),
(FLOOR(RANDOM() * 100000), 00153, 'Credit Card', '2003-07-09 18:00:00'),
(FLOOR(RANDOM() * 100000), 00154, 'Debit Card', '2008-05-02 12:00:00'),
(FLOOR(RANDOM() * 100000), 00155, 'UPI Payment', '2008-05-02 15:00:00'),
(FLOOR(RANDOM() * 100000), 00156, 'Net Banking', '2006-06-23 14:00:00'),
(FLOOR(RANDOM() * 100000), 00157, 'UPI Payment', '2006-06-22 12:00:00'),
(FLOOR(RANDOM() * 100000), 00158, 'Net Banking', '2006-06-22 15:00:00'),
(FLOOR(RANDOM() * 100000), 00159, 'UPI Payment', '2012-05-04 18:00:00'),    
(FLOOR(RANDOM() * 100000), 00160, 'Net Banking', '1996-05-22 12:00:00'),
(FLOOR(RANDOM() * 100000), 00161, 'Credit Card', '1986-05-16 12:00:00');

SELECT * FROM payment;


